Activity,February Week 1 (01-07),February Week 2 (08-14),February Week 3 (15-21),February Week 4 (22-28),March Week 1 (01-08),March Week 2 (09-16),March Week 3 (17-24),March Week 4 (25-31),April Week 1 (01-08),April Week 2 (09-16),April Week 3 (17-24),April Week 4 (25-30),May Week 1 (01-08),May Week 2 (09-16),May Week 3 (17-24),May Week 4 (25-31),June Week 1 (01-08),June Week 2 (09-16),June Week 3 (17-24),June Week 4 (25-30),July Week 1 (01-08),July Week 2 (09-16),July Week 3 (17-24),July Week 4 (25-31),August Week 1 (01-08),August Week 2 (09-16),August Week 3 (17-24),August Week 4 (25-31),September Week 1 (01-08),September Week 2 (09-16),September Week 3 (17-24),September Week 4 (25-30),October Week 1 (01-08),October Week 2 (09-16),October Week 3 (17-24),October Week 4 (25-31)
Site Selection,,,,,,,,,,,,,,,,,,,,,,,,,,,,,,,,,,,,
Land Preparation,✔️,✔️,✔️,✔️,,,,,,,,,,,,,,,,,,,,,,,,,,,,,,,,
Planting / Sowing,,,,,✔️,✔️,✔️,✔️,,,,,,,,,,,,,,,,,,,,,,,,,,,,
1st Fertilizer Application,,,,,,,,,✔️,✔️,✔️,✔️,,,,,,,,,,,,,,,,,,,,,,,,
1st Weeding & control of fall army worm,,,,,,,,,✔️,✔️,✔️,✔️,,,,,,,,,,,,,,,,,,,,,,,,
2nd Fertilizer Application (Urea&SOA),,,,,,,,,,,,,✔️,✔️,✔️,✔️,,,,,,,,,,,,,,,,,,,,
2nd Weeding & Pest Control,,,,,,,,,,,,,✔️,✔️,✔️,✔️,,,,,,,,,,,,,,,,,,,,
Harvesting,,,,,,,,,,,,,,,,,,,,,✔️,✔️,✔️,✔️,,,,,,,,,,,,
Post harvest handling,,,,,,,,,,,,,,,,,,,,,,,,,✔️,✔️,✔️,✔️,,,,,,,,